JPEGImages/28_663.jpg,131,188,170,457,phone
JPEGImages/24_64.jpg,358,211,392,400,phone
JPEGImages/28_513.jpg,435,209,540,446,phone
JPEGImages/24_398.jpg,214,323,306,388,smoke
JPEGImages/26_119.jpg,56,151,134,393,phone
JPEGImages/24_449.jpg,274,323,336,366,smoke
JPEGImages/28_532.jpg,409,156,518,402,phone
JPEGImages/25_545.jpg,264,391,310,421,smoke
JPEGImages/26_462.jpg,283,349,317,387,smoke
JPEGImages/28_40.jpg,165,382,272,427,smoke
JPEGImages/24_453.jpg,297,331,355,375,smoke
JPEGImages/26_479.jpg,287,354,314,398,smoke
JPEGImages/26_387.jpg,241,353,290,396,smoke
JPEGImages/24_155.jpg,75,113,212,355,phone
JPEGImages/25_529.jpg,297,415,361,459,smoke
JPEGImages/24_15.jpg,352,229,384,399,phone
JPEGImages/24_105.jpg,376,203,417,413,phone
JPEGImages/24_208.jpg,90,116,159,351,phone
JPEGImages/24_71.jpg,370,221,402,413,phone
JPEGImages/24_62.jpg,352,210,386,396,phone
JPEGImages/24_543.jpg,175,293,240,321,smoke
JPEGImages/24_191.jpg,110,134,165,371,phone
JPEGImages/28_185.jpg,209,324,289,390,smoke
JPEGImages/25_485.jpg,261,373,295,490,smoke
JPEGImages/25_490.jpg,261,372,302,498,smoke
JPEGImages/25_505.jpg,264,446,349,540,smoke
JPEGImages/28_647.jpg,127,202,180,408,phone
JPEGImages/28_592.jpg,377,118,488,357,phone
JPEGImages/26_174.jpg,323,258,420,465,phone
JPEGImages/25_487.jpg,240,373,281,494,smoke
JPEGImages/24_74.jpg,375,225,408,416,phone
JPEGImages/28_282.jpg,231,312,309,346,smoke
JPEGImages/25_605.jpg,228,397,297,489,smoke
JPEGImages/28_649.jpg,119,195,169,455,phone
JPEGImages/25_510.jpg,292,438,359,485,smoke
JPEGImages/25_482.jpg,255,374,305,492,smoke
JPEGImages/28_739.jpg,145,225,214,496,phone
JPEGImages/26_90.jpg,73,154,139,390,phone
JPEGImages/26_380.jpg,230,367,284,432,smoke
JPEGImages/26_137.jpg,69,150,140,393,phone
JPEGImages/26_476.jpg,288,353,318,398,smoke
JPEGImages/26_102.jpg,97,171,156,409,phone
JPEGImages/25_222.jpg,138,156,175,391,phone
JPEGImages/28_559.jpg,403,156,521,384,phone
JPEGImages/26_105.jpg,91,164,148,403,phone
JPEGImages/28_504.jpg,435,189,523,439,phone
JPEGImages/26_470.jpg,288,353,316,397,smoke
JPEGImages/26_350.jpg,176,351,218,475,smoke
JPEGImages/28_669.jpg,120,180,158,451,phone
JPEGImages/28_672.jpg,125,170,160,442,phone
JPEGImages/28_644.jpg,129,198,174,406,phone
JPEGImages/24_416.jpg,297,332,375,376,smoke
JPEGImages/26_117.jpg,62,140,131,391,phone
JPEGImages/28_522.jpg,420,189,509,417,phone
JPEGImages/26_98.jpg,97,168,155,415,phone
JPEGImages/26_133.jpg,63,161,134,389,phone
JPEGImages/26_104.jpg,91,162,151,407,phone
JPEGImages/25_213.jpg,133,133,171,374,phone
JPEGImages/25_626.jpg,261,425,313,473,smoke
JPEGImages/26_372.jpg,199,359,263,443,smoke
JPEGImages/26_99.jpg,95,165,149,406,phone
JPEGImages/28_538.jpg,412,146,537,389,phone
JPEGImages/24_541.jpg,159,286,220,335,smoke
JPEGImages/25_606.jpg,224,402,294,493,smoke
JPEGImages/25_598.jpg,240,411,312,514,smoke
JPEGImages/24_58.jpg,361,217,396,410,phone
JPEGImages/24_189.jpg,102,138,164,373,phone
JPEGImages/28_33.jpg,184,397,284,420,smoke
JPEGImages/26_116.jpg,69,155,135,396,phone
JPEGImages/24_185.jpg,103,140,159,366,phone
JPEGImages/25_142.jpg,82,140,171,424,phone
JPEGImages/26_121.jpg,58,144,130,394,phone
JPEGImages/25_633.jpg,263,427,321,475,smoke
JPEGImages/24_37.jpg,367,241,397,419,phone
JPEGImages/28_690.jpg,125,206,155,468,phone
JPEGImages/26_357.jpg,155,360,227,438,smoke
JPEGImages/28_516.jpg,427,206,517,440,phone
JPEGImages/26_415.jpg,257,346,290,385,smoke
JPEGImages/25_522.jpg,307,447,379,490,smoke
JPEGImages/28_482.jpg,428,280,527,480,phone
JPEGImages/28_709.jpg,148,219,187,482,phone
JPEGImages/24_65.jpg,359,205,398,399,phone
JPEGImages/24_203.jpg,108,136,175,370,phone
JPEGImages/26_139.jpg,60,147,137,392,phone
JPEGImages/25_610.jpg,245,414,297,471,smoke
JPEGImages/25_137.jpg,96,128,154,400,phone
JPEGImages/24_479.jpg,218,278,270,311,smoke
JPEGImages/28_182.jpg,206,321,293,374,smoke
JPEGImages/28_706.jpg,162,229,202,488,phone
JPEGImages/28_5.jpg,179,384,274,471,smoke
JPEGImages/26_519.jpg,267,352,295,393,smoke
JPEGImages/28_223.jpg,144,299,248,341,smoke
JPEGImages/24_549.jpg,178,299,242,357,smoke
JPEGImages/24_472.jpg,183,282,234,304,smoke
JPEGImages/25_283.jpg,350,273,426,452,phone
JPEGImages/25_163.jpg,100,126,152,390,phone
JPEGImages/26_407.jpg,240,356,284,394,smoke
JPEGImages/24_183.jpg,87,132,166,367,phone
JPEGImages/28_502.jpg,436,195,522,441,phone
JPEGImages/24_486.jpg,172,292,228,324,smoke
JPEGImages/28_586.jpg,380,122,493,358,phone
JPEGImages/28_47.jpg,128,367,262,439,smoke
JPEGImages/24_428.jpg,254,311,321,353,smoke
JPEGImages/24_608.jpg,171,291,225,322,smoke
JPEGImages/25_617.jpg,239,419,290,468,smoke
JPEGImages/28_274.jpg,249,305,317,340,smoke
JPEGImages/24_450.jpg,279,319,344,365,smoke
JPEGImages/28_27.jpg,186,391,280,426,smoke
JPEGImages/26_106.jpg,88,157,145,402,phone
JPEGImages/24_172.jpg,95,135,189,367,phone
JPEGImages/24_197.jpg,98,132,169,366,phone
JPEGImages/28_603.jpg,423,164,510,422,phone
JPEGImages/28_724.jpg,139,218,206,484,phone
JPEGImages/28_751.jpg,131,224,224,498,phone
JPEGImages/25_602.jpg,227,401,300,498,smoke
JPEGImages/28_220.jpg,142,302,246,347,smoke
JPEGImages/28_748.jpg,138,229,233,503,phone
JPEGImages/24_38.jpg,373,234,403,418,phone
JPEGImages/28_681.jpg,110,163,143,441,phone
JPEGImages/26_353.jpg,152,392,202,473,smoke
JPEGImages/24_510.jpg,169,288,232,340,smoke
JPEGImages/26_126.jpg,53,129,127,385,phone
JPEGImages/28_548.jpg,414,162,532,409,phone
JPEGImages/25_527.jpg,287,405,356,447,smoke
JPEGImages/24_84.jpg,380,214,423,420,phone
JPEGImages/26_371.jpg,200,362,267,447,smoke
JPEGImages/24_39.jpg,366,223,396,405,phone
JPEGImages/25_636.jpg,231,393,318,478,smoke
JPEGImages/24_63.jpg,354,208,383,395,phone
JPEGImages/28_697.jpg,146,224,189,476,phone
JPEGImages/25_203.jpg,127,126,165,368,phone
JPEGImages/24_587.jpg,180,284,214,320,smoke
JPEGImages/28_508.jpg,435,197,524,439,phone
JPEGImages/28_729.jpg,145,222,214,490,phone
JPEGImages/26_395.jpg,241,349,293,385,smoke
JPEGImages/24_112.jpg,377,200,412,402,phone
JPEGImages/24_180.jpg,105,145,163,370,phone
JPEGImages/24_445.jpg,330,362,396,415,smoke
JPEGImages/28_193.jpg,163,326,288,403,smoke
JPEGImages/26_107.jpg,89,161,148,404,phone
JPEGImages/28_666.jpg,118,187,158,456,phone
JPEGImages/25_542.jpg,285,398,330,428,smoke
JPEGImages/25_184.jpg,92,103,146,361,phone
JPEGImages/25_502.jpg,305,472,356,535,smoke
JPEGImages/24_44.jpg,366,192,410,409,phone
JPEGImages/24_438.jpg,293,349,348,406,smoke
JPEGImages/28_493.jpg,446,254,527,475,phone
JPEGImages/24_409.jpg,255,314,330,362,smoke
JPEGImages/28_490.jpg,425,259,503,472,phone
JPEGImages/24_22.jpg,360,237,393,399,phone
JPEGImages/28_236.jpg,256,296,341,328,smoke
JPEGImages/25_530.jpg,301,431,368,478,smoke
JPEGImages/28_652.jpg,132,204,184,489,phone
JPEGImages/25_170.jpg,99,115,155,373,phone
JPEGImages/24_81.jpg,370,208,417,415,phone
JPEGImages/24_149.jpg,82,119,224,366,phone
JPEGImages/25_173.jpg,90,104,142,364,phone
JPEGImages/28_524.jpg,404,161,498,395,phone
JPEGImages/25_157.jpg,86,137,146,407,phone
JPEGImages/26_457.jpg,268,355,300,413,smoke
JPEGImages/24_168.jpg,90,124,181,353,phone
JPEGImages/26_142.jpg,66,179,145,405,phone
JPEGImages/28_661.jpg,145,192,176,463,phone
JPEGImages/28_17.jpg,187,393,285,469,smoke
JPEGImages/24_66.jpg,364,212,402,403,phone
JPEGImages/25_604.jpg,226,395,299,492,smoke
JPEGImages/25_281.jpg,343,275,419,443,phone
JPEGImages/28_717.jpg,135,206,179,470,phone
JPEGImages/24_560.jpg,183,295,239,348,smoke
JPEGImages/24_627.jpg,168,264,232,305,smoke
JPEGImages/25_197.jpg,121,124,157,358,phone
JPEGImages/26_95.jpg,113,186,165,422,phone
JPEGImages/28_658.jpg,132,208,180,479,phone
JPEGImages/24_500.jpg,179,291,235,329,smoke
JPEGImages/24_600.jpg,182,256,236,293,smoke
JPEGImages/26_135.jpg,64,154,133,390,phone
JPEGImages/26_358.jpg,182,361,256,441,smoke
JPEGImages/25_614.jpg,244,421,293,470,smoke
JPEGImages/24_108.jpg,387,208,427,416,phone
JPEGImages/24_16.jpg,365,220,395,393,phone
JPEGImages/28_221.jpg,132,301,237,347,smoke
JPEGImages/24_544.jpg,173,282,242,313,smoke
JPEGImages/26_398.jpg,248,353,296,387,smoke
JPEGImages/24_617.jpg,162,277,216,303,smoke
JPEGImages/28_10.jpg,175,382,273,468,smoke
JPEGImages/25_152.jpg,100,165,197,433,phone
JPEGImages/28_746.jpg,143,233,234,507,phone
JPEGImages/28_179.jpg,206,334,307,406,smoke
JPEGImages/24_474.jpg,183,253,231,287,smoke
JPEGImages/28_314.jpg,165,302,259,323,smoke
JPEGImages/24_579.jpg,183,297,219,348,smoke
JPEGImages/25_172.jpg,101,110,153,369,phone
JPEGImages/26_179.jpg,318,269,424,465,phone
JPEGImages/28_519.jpg,433,212,518,437,phone
JPEGImages/26_175.jpg,307,259,417,469,phone
JPEGImages/26_467.jpg,289,357,320,401,smoke
JPEGImages/24_174.jpg,111,148,172,375,phone
JPEGImages/24_92.jpg,377,203,422,410,phone
JPEGImages/24_45.jpg,369,194,414,413,phone
JPEGImages/24_85.jpg,373,206,416,415,phone
JPEGImages/26_514.jpg,273,349,299,390,smoke
JPEGImages/24_176.jpg,123,172,178,376,phone
JPEGImages/25_148.jpg,75,147,200,429,phone
JPEGImages/26_532.jpg,257,353,290,398,smoke
JPEGImages/24_613.jpg,165,275,221,298,smoke
JPEGImages/26_378.jpg,220,368,271,440,smoke
JPEGImages/24_13.jpg,408,242,443,416,phone
JPEGImages/26_411.jpg,255,353,295,393,smoke
JPEGImages/25_196.jpg,119,122,158,358,phone
JPEGImages/26_459.jpg,271,356,301,403,smoke
JPEGImages/24_552.jpg,201,293,263,321,smoke
JPEGImages/24_563.jpg,179,292,237,320,smoke
JPEGImages/24_417.jpg,241,321,321,364,smoke
JPEGImages/28_478.jpg,437,279,525,485,phone
JPEGImages/26_465.jpg,293,359,321,400,smoke
JPEGImages/25_159.jpg,91,126,148,392,phone
JPEGImages/24_53.jpg,362,218,400,413,phone
JPEGImages/25_550.jpg,266,450,316,483,smoke
JPEGImages/26_93.jpg,102,166,156,409,phone
JPEGImages/25_508.jpg,291,449,355,503,smoke
JPEGImages/26_120.jpg,55,141,134,392,phone
JPEGImages/25_609.jpg,241,408,293,467,smoke
JPEGImages/24_427.jpg,249,311,321,352,smoke
JPEGImages/28_139.jpg,115,368,219,390,smoke
JPEGImages/26_526.jpg,270,350,299,392,smoke
JPEGImages/25_638.jpg,221,392,320,483,smoke
JPEGImages/24_441.jpg,203,299,266,368,smoke
JPEGImages/24_46.jpg,368,197,411,409,phone
JPEGImages/24_14.jpg,402,256,432,423,phone
JPEGImages/26_109.jpg,81,157,141,397,phone
JPEGImages/24_590.jpg,193,256,242,295,smoke
JPEGImages/24_24.jpg,368,243,398,406,phone
JPEGImages/24_193.jpg,98,125,171,359,phone
JPEGImages/26_478.jpg,285,350,313,394,smoke
JPEGImages/25_141.jpg,112,141,184,443,phone
JPEGImages/28_695.jpg,138,212,176,468,phone
JPEGImages/24_166.jpg,69,109,189,352,phone
JPEGImages/24_69.jpg,366,223,400,415,phone
JPEGImages/26_483.jpg,290,356,317,399,smoke
JPEGImages/24_17.jpg,347,229,375,400,phone
JPEGImages/26_455.jpg,278,356,306,416,smoke
JPEGImages/26_127.jpg,61,163,129,394,phone
JPEGImages/25_150.jpg,96,171,212,429,phone
JPEGImages/24_98.jpg,370,199,410,412,phone
JPEGImages/28_686.jpg,157,225,194,496,phone
JPEGImages/24_595.jpg,244,281,294,318,smoke
JPEGImages/25_199.jpg,125,133,166,374,phone
JPEGImages/24_433.jpg,241,313,310,359,smoke
JPEGImages/25_228.jpg,103,175,156,420,phone
JPEGImages/24_157.jpg,87,123,209,361,phone
JPEGImages/24_430.jpg,261,310,329,339,smoke
JPEGImages/28_13.jpg,175,383,273,463,smoke
JPEGImages/24_410.jpg,248,310,324,358,smoke
JPEGImages/24_583.jpg,248,288,315,323,smoke
JPEGImages/26_124.jpg,54,135,133,392,phone
JPEGImages/24_114.jpg,380,194,418,403,phone
JPEGImages/24_569.jpg,169,299,227,351,smoke
JPEGImages/26_369.jpg,194,362,271,451,smoke
JPEGImages/28_642.jpg,128,204,182,439,phone
JPEGImages/28_477.jpg,436,254,523,486,phone
JPEGImages/26_114.jpg,72,163,141,402,phone
JPEGImages/25_630.jpg,254,417,312,465,smoke
JPEGImages/26_94.jpg,102,177,156,414,phone
JPEGImages/26_129.jpg,72,173,139,413,phone
JPEGImages/28_600.jpg,390,131,478,406,phone
JPEGImages/24_498.jpg,186,267,236,296,smoke
JPEGImages/24_525.jpg,178,293,234,354,smoke
JPEGImages/28_26.jpg,192,390,281,432,smoke
JPEGImages/24_555.jpg,175,292,232,351,smoke
JPEGImages/24_88.jpg,371,207,422,418,phone
JPEGImages/28_497.jpg,450,253,533,474,phone
JPEGImages/25_495.jpg,259,450,343,575,smoke
JPEGImages/24_491.jpg,176,293,228,328,smoke
JPEGImages/25_628.jpg,258,426,315,475,smoke
JPEGImages/28_527.jpg,409,164,524,403,phone
JPEGImages/24_505.jpg,176,291,233,342,smoke
JPEGImages/25_167.jpg,82,111,137,370,phone
JPEGImages/25_139.jpg,101,126,164,406,phone
JPEGImages/28_8.jpg,177,387,276,469,smoke
JPEGImages/26_405.jpg,259,359,303,396,smoke
